postcode,BOM
3000,Central
3002,Central
3003,Central
3004,Central
3004,Central
3004,Central
3004,Central
3006,Central
3006,Central
3006,Central
3008,Central
3008,Central
3011,Central
3011,Central
3011,Central
3011,Central
3012,Central
3012,Central
3012,Central
3012,Central
3012,Central
3012,Central
3012,Central
3013,Central
3015,Central
3015,Central
3015,Central
3016,Central
3016,Central
3018,Central
3018,Central
3019,Central
3020,Central
3020,Central
3020,Central
3020,Central
3020,Central
3021,Central
3021,Central
3021,Central
3021,Central
3021,Central
3022,Central
3023,Central
3023,Central
3023,Central
3023,Central
3023,Central
3023,Central
3023,Central
3024,Central
3024,Central
3024,Central
3024,Central
3024,Central
3024,Central
3025,Central
3025,Central
3025,Central
3026,Central
3027,Central
3028,Central
3028,Central
3028,Central
3028,Central
3028,Central
3029,Central
3029,Central
3029,Central
3029,Central
3029,Central
3029,Central
3029,Central
3030,Central
3030,Central
3030,Central
3030,Central
3030,Central
3030,Central
3030,Central
3030,Central
3031,Central
3031,Central
3031,Central
3031,Central
3032,Central
3032,Central
3032,Central
3033,Central
3033,Central
3034,Central
3036,Central
3036,Central
3036,Central
3036,Central
3037,Central
3037,Central
3037,Central
3037,Central
3037,Central
3037,Central
3038,Central
3038,Central
3038,Central
3038,Central
3039,Central
3039,Central
3040,Central
3040,Central
3040,Central
3040,Central
3040,Central
3040,Central
3041,Central
3041,Central
3041,Central
3041,Central
3041,Central
3042,Central
3042,Central
3042,Central
3043,Central
3043,Central
3043,Central
3043,Central
3043,Central
3044,Central
3044,Central
3044,Central
3044,Central
3044,Central
3044,Central
3045,Central
3046,Central
3046,Central
3046,Central
3046,Central
3046,Central
3047,Central
3047,Central
3047,Central
3048,Central
3048,Central
3049,Central
3049,Central
3049,Central
3049,Central
3051,Central
3052,Central
3052,Central
3053,Central
3054,Central
3054,Central
3054,Central
3055,Central
3055,Central
3055,Central
3056,Central
3056,Central
3057,Central
3057,Central
3058,Central
3058,Central
3058,Central
3058,Central
3058,Central
3059,Central
3059,Central
3060,Central
3060,Central
3061,Central
3062,Central
3063,Central
3063,Central
3063,Central
3064,Central
3064,Central
3064,Central
3064,Central
3064,Central
3064,Central
3065,Central
3065,Central
3066,Central
3066,Central
3067,Central
3068,Central
3068,Central
3068,Central
3068,Central
3068,Central
3068,Central
3070,Central
3071,Central
3071,Central
3072,Central
3072,Central
3073,Central
3073,Central
3073,Central
3074,Central
3074,Central
3075,Central
3075,Central
3076,Central
3076,Central
3076,Central
3078,Central
3078,Central
3078,Central
3078,Central
3079,Central
3079,Central
3079,Central
3081,Central
3081,Central
3081,Central
3082,Central
3082,Central
3082,Central
3083,Central
3083,Central
3083,Central
3083,Central
3084,Central
3084,Central
3084,Central
3084,Central
3084,Central
3084,Central
3085,Central
3085,Central
3085,Central
3085,Central
3085,Central
3087,Central
3087,Central
3087,Central
3087,Central
3088,Central
3088,Central
3088,Central
3088,Central
3088,Central
3089,Central
3089,Central
3089,Central
3089,Central
3089,Central
3089,Central
3090,Central
3091,Central
3091,Central
3093,Central
3094,Central
3094,Central
3095,Central
3095,Central
3095,Central
3095,Central
3095,Central
3095,Central
3095,Central
3095,Central
3096,Central
3096,Central
3097,Central
3097,Central
3097,Central
3097,Central
3099,Central
3099,Central
3099,Central
3099,Central
3099,Central
3099,Central
3099,Central
3101,Central
3101,Central
3101,Central
3102,Central
3102,Central
3102,Central
3103,Central
3103,Central
3103,Central
3103,Central
3103,Central
3103,Central
3104,Central
3104,Central
3104,Central
3104,Central
3104,Central
3105,Central
3105,Central
3106,Central
3106,Central
3106,Central
3107,Central
3107,Central
3108,Central
3108,Central
3108,Central
3109,Central
3109,Central
3111,Central
3111,Central
3111,Central
3113,Central
3113,Central
3114,Central
3114,Central
3115,Central
3115,Central
3115,Central
3115,Central
3115,Central
3116,Central
3121,Central
3121,Central
3121,Central
3121,Central
3122,Central
3122,Central
3122,Central
3123,Central
3123,Central
3124,Central
3124,Central
3124,Central
3124,Central
3124,Central
3124,Central
3124,Central
3124,Central
3125,Central
3125,Central
3126,Central
3126,Central
3126,Central
3126,Central
3126,Central
3126,Central
3126,Central
3127,Central
3127,Central
3127,Central
3127,Central
3127,Central
3127,Central
3127,Central
3127,Central
3128,Central
3128,Central
3129,Central
3129,Central
3130,Central
3130,Central
3130,Central
3130,Central
3130,Central
3130,Central
3131,Central
3131,Central
3131,Central
3131,Central
3131,Central
3131,Central
3131,Central
3131,Central
3132,Central
3133,Central
3133,Central
3133,Central
3133,Central
3133,Central
3134,Central
3134,Central
3134,Central
3134,Central
3134,Central
3134,Central
3134,Central
3134,Central
3134,Central
3134,Central
3135,Central
3135,Central
3135,Central
3135,Central
3136,Central
3136,Central
3136,Central
3136,Central
3136,Central
3136,Central
3136,Central
3136,Central
3137,Central
3137,Central
3137,Central
3137,Central
3137,Central
3137,Central
3138,Central
3138,Central
3138,Central
3138,Central
3138,Central
3138,Central
3139,Central
3139,Central
3139,Central
3139,Central
3139,Central
3139,Central
3139,Central
3139,Central
3139,Central
3139,Central
3139,Central
3139,Central
3139,Central
3139,Central
3139,Central
3139,Central
3139,Central
3140,Central
3140,Central
3140,Central
3140,Central
3140,Central
3141,Central
3141,Central
3142,Central
3142,Central
3143,Central
3143,Central
3144,Central
3144,Central
3144,Central
3144,Central
3145,Central
3145,Central
3146,Central
3146,Central
3146,Central
3146,Central
3146,Central
3146,Central
3147,Central
3147,Central
3148,Central
3148,Central
3149,Central
3149,Central
3150,Central
3150,Central
3150,Central
3150,Central
3150,Central
3150,Central
3151,Central
3151,Central
3152,Central
3152,Central
3152,Central
3152,Central
3152,Central
3152,Central
3153,Central
3153,Central
3153,Central
3153,Central
3153,Central
3154,Central
3155,Central
3155,Central
3155,Central
3155,Central
3155,Central
3156,Central
3156,Central
3156,Central
3156,Central
3156,Central
3156,Central
3156,Central
3156,Central
3156,Central
3156,Central
3156,Central
3156,Central
3156,Central
3156,Central
3156,Central
3158,Central
3158,Central
3159,Central
3159,Central
3159,Central
3160,Central
3160,Central
3160,Central
3160,Central
3160,Central
3161,Central
3162,Central
3162,Central
3162,Central
3163,Central
3163,Central
3163,Central
3165,Central
3165,Central
3166,Central
3166,Central
3166,Central
3166,Central
3167,Central
3167,Central
3168,Central
3168,Central
3168,Central
3169,Central
3169,Central
3170,Central
3170,Central
3171,Central
3171,Central
3171,Central
3172,Central
3172,Central
3172,Central
3172,Central
3172,Central
3172,Central
3173,Central
3173,Central
3173,Central
3174,Central
3174,Central
3174,Central
3174,Central
3174,Central
3174,Central
3174,Central
3174,Central
3175,Central
3175,Central
3175,Central
3175,Central
3175,Central
3175,Central
3175,Central
3175,Central
3177,Central
3177,Central
3178,Central
3178,Central
3178,Central
3179,Central
3179,Central
3179,Central
3180,Central
3180,Central
3180,Central
3181,Central
3181,Central
3181,Central
3182,Central
3182,Central
3182,Central
3182,Central
3182,Central
3183,Central
3183,Central
3183,Central
3184,Central
3184,Central
3185,Central
3185,Central
3185,Central
3185,Central
3186,Central
3186,Central
3187,Central
3187,Central
3187,Central
3187,Central
3187,Central
3188,Central
3188,Central
3188,Central
3188,Central
3188,Central
3189,Central
3190,Central
3190,Central
3191,Central
3191,Central
3192,Central
3192,Central
3192,Central
3192,Central
3192,Central
3192,Central
3193,Central
3193,Central
3194,Central
3194,Central
3194,Central
3195,Central
3195,Central
3195,Central
3195,Central
3195,Central
3195,Central
3195,Central
3196,Central
3196,Central
3196,Central
3196,Central
3197,Central
3197,Central
3198,Central
3198,Central
3199,Central
3199,Central
3199,Central
3200,Central
3200,Central
3201,Central
3201,Central
3202,Central
3202,Central
3204,Central
3204,Central
3204,Central
3204,Central
3204,Central
3204,Central
3204,Central
3205,Central
3205,Central
3206,Central
3206,Central
3206,Central
3207,Central
3207,Central
3207,Central
3211,Central
3211,Central
3212,Central
3212,Central
3213,Central
3213,Central
3213,Central
3213,Central
3213,Central
3213,Central
3213,Central
3213,Central
3214,Central
3214,Central
3214,Central
3214,Central
3214,Central
3215,Central
3215,Central
3215,Central
3215,Central
3215,Central
3215,Central
3215,Central
3215,Central
3215,Central
3215,Central
3215,Central
3216,Central
3216,Central
3216,Central
3216,Central
3216,Central
3216,Central
3216,Central
3216,Central
3216,Central
3216,Central
3216,Central
3216,Central
3217,Central
3217,Central
3217,Central
3217,Central
3217,Central
3217,Central
3218,Central
3218,Central
3218,Central
3218,Central
3218,Central
3218,Central
3218,Central
3219,Central
3219,Central
3219,Central
3219,Central
3219,Central
3219,Central
3219,Central
3220,Central
3220,Central
3220,Central
3220,Central
3220,Central
3221,Central
3221,Central
3221,Central
3222,Central
3222,Central
3222,Central
3222,Central
3222,Central
3222,Central
3222,Central
3222,Central
3222,Central
3222,Central
3222,Central
3222,Central
3223,Central
3223,Central
3223,Central
3223,Central
3224,Central
3224,Central
3225,Central
3225,Central
3225,Central
3225,Central
3226,Central
3227,Central
3227,Central
3227,Central
3227,Central
3227,Central
3227,Central
3228,Central
3228,Central
3228,Central
3228,Central
3228,Central
3228,Central
3230,Central
3231,Central
3231,Central
3231,Central
3231,Central
3231,Central
3232,Central
3233,South West
3233,South West
3233,South West
3233,South West
3233,South West
3233,South West
3234,South West
3234,South West
3234,South West
3234,South West
3234,South West
3234,South West
3235,South West
3235,Central
3235,Central
3235,Central
3235,Central
3236,South West
3237,South West
3237,South West
3237,South West
3237,South West
3237,South West
3237,South West
3237,South West
3238,South West
3238,South West
3238,South West
3238,South West
3239,South West
3239,South West
3239,South West
3239,South West
3239,South West
3240,Central
3240,Central
3240,Central
3240,Central
3240,Central
3240,Central
3241,South West
3241,South West
3241,Central
3241,Central
3241,Central
3241,Central
3241,Central
3241,Central
3242,South West
3242,Central
3243,South West
3243,South West
3243,South West
3243,South West
3249,South West
3249,South West
3249,South West
3249,South West
3249,South West
3249,South West
3249,South West
3249,South West
3249,South West
3249,South West
3249,South West
3249,South West
3249,South West
3249,South West
3249,South West
3249,South West
3249,South West
3249,South West
3249,South West
3249,South West
3249,South West
3249,South West
3249,South West
3249,South West
3249,South West
3249,South West
3250,South West
3250,South West
3250,South West
3250,South West
3251,South West
3251,South West
3251,South West
3251,South West
3251,South West
3251,South West
3254,South West
3260,South West
3260,South West
3260,South West
3260,South West
3260,South West
3260,South West
3260,South West
3260,South West
3260,South West
3260,South West
3260,South West
3260,South West
3260,South West
3260,South West
3260,South West
3260,South West
3260,South West
3260,South West
3260,South West
3260,South West
3260,South West
3260,South West
3260,South West
3260,South West
3260,South West
3260,South West
3260,South West
3260,South West
3264,South West
3264,South West
3265,South West
3265,South West
3265,South West
3265,South West
3265,South West
3265,South West
3265,South West
3265,South West
3265,South West
3265,South West
3265,South West
3265,South West
3265,South West
3265,South West
3265,South West
3265,South West
3265,South West
3265,South West
3265,South West
3265,South West
3265,South West
3265,South West
3265,South West
3265,South West
3266,South West
3266,South West
3266,South West
3266,South West
3266,South West
3266,South West
3266,South West
3266,South West
3266,South West
3266,South West
3266,South West
3266,South West
3266,South West
3266,South West
3266,South West
3266,South West
3266,South West
3267,South West
3267,South West
3267,South West
3268,South West
3268,South West
3268,South West
3268,South West
3268,South West
3268,South West
3268,South West
3268,South West
3268,South West
3268,South West
3268,South West
3268,South West
3268,South West
3268,South West
3268,South West
3268,South West
3268,South West
3268,South West
3268,South West
3268,South West
3268,South West
3268,South West
3268,South West
3268,South West
3268,South West
3268,South West
3269,South West
3269,South West
3269,South West
3270,South West
3270,South West
3271,South West
3271,South West
3271,South West
3271,South West
3271,South West
3272,South West
3272,South West
3272,South West
3273,South West
3274,South West
3274,South West
3274,South West
3275,South West
3276,South West
3276,South West
3276,South West
3277,South West
3277,South West
3277,South West
3277,South West
3277,South West
3277,South West
3277,South West
3277,South West
3277,South West
3278,South West
3278,South West
3279,South West
3279,South West
3279,South West
3280,South West
3280,South West
3280,South West
3280,South West
3281,South West
3281,South West
3281,South West
3281,South West
3281,South West
3281,South West
3282,South West
3282,South West
3282,South West
3283,South West
3283,South West
3283,South West
3283,South West
3283,South West
3283,South West
3283,South West
3283,South West
3283,South West
3283,South West
3283,South West
3284,South West
3284,South West
3285,South West
3285,South West
3285,South West
3285,South West
3285,South West
3285,South West
3285,South West
3285,South West
3286,South West
3286,South West
3286,South West
3286,South West
3287,South West
3287,South West
3289,South West
3289,South West
3289,South West
3289,South West
3289,South West
3289,South West
3289,South West
3289,South West
3289,South West
3292,South West
3293,South West
3293,South West
3293,South West
3293,South West
3293,South West
3294,South West
3294,South West
3294,South West
3294,South West
3294,South West
3294,South West
3294,South West
3294,South West
3300,South West
3300,South West
3301,South West
3301,South West
3301,South West
3301,South West
3301,South West
3301,South West
3301,South West
3301,South West
3301,South West
3301,South West
3301,South West
3301,South West
3301,South West
3301,South West
3301,South West
3301,South West
3301,South West
3302,South West
3302,South West
3302,South West
3302,South West
3303,South West
3303,South West
3303,South West
3303,South West
3303,South West
3303,South West
3303,South West
3303,South West
3304,South West
3304,South West
3304,South West
3304,South West
3304,South West
3304,South West
3304,South West
3304,South West
3304,South West
3304,South West
3304,South West
3304,South West
3304,South West
3304,South West
3304,South West
3304,South West
3305,South West
3305,South West
3305,South West
3305,South West
3305,South West
3305,South West
3305,South West
3305,South West
3305,South West
3305,South West
3305,South West
3305,South West
3309,South West
3310,South West
3310,South West
3311,South West
3311,South West
3312,South West
3312,South West
3312,South West
3312,South West
3312,South West
3312,South West
3312,South West
3312,South West
3312,South West
3312,South West
3312,South West
3312,South West
3312,South West
3312,South West
3312,South West
3312,South West
3312,South West
3312,Wimmera
3312,Wimmera
3312,Wimmera
3312,Wimmera
3312,Wimmera
3314,South West
3314,South West
3314,South West
3314,South West
3315,South West
3315,South West
3315,South West
3315,South West
3315,South West
3315,South West
3315,South West
3315,South West
3315,South West
3315,South West
3315,South West
3315,South West
3315,South West
3315,South West
3315,South West
3315,South West
3315,South West
3315,South West
3315,Wimmera
3317,South West
3317,Wimmera
3318,Wimmera
3318,Wimmera
3318,Wimmera
3318,Wimmera
3318,Wimmera
3318,Wimmera
3318,Wimmera
3319,Wimmera
3319,Wimmera
3319,Wimmera
3321,South West
3321,Central
3321,Central
3321,Central
3321,Central
3322,South West
3322,South West
3322,Central
3323,South West
3323,South West
3323,South West
3324,South West
3324,South West
3324,South West
3325,South West
3325,South West
3325,South West
3325,South West
3328,Central
3329,South West
3329,Central
3329,Central
3330,Central
3331,Central
3331,Central
3331,Central
3331,Central
3331,Central
3331,Central
3331,Central
3332,Central
3333,Central
3333,Central
3333,Central
3334,Central
3334,Central
3334,Central
3334,Central
3334,Central
3334,Central
3335,Central
3335,Central
3335,Central
3335,Central
3335,Central
3335,Central
3337,Central
3337,Central
3337,Central
3337,Central
3337,Central
3337,Central
3337,Central
3337,Central
3337,Central
3337,Central
3338,Central
3338,Central
3338,Central
3338,Central
3340,Central
3340,Central
3340,Central
3340,Central
3340,Central
3340,Central
3340,Central
3340,Central
3340,Central
3340,Central
3340,Central
3340,Central
3340,Central
3340,Central
3340,Central
3340,Central
3340,Central
3341,Central
3341,Central
3341,Central
3341,Central
3341,Central
3341,Central
3341,Central
3342,Central
3342,Central
3342,Central
3342,Central
3342,Central
3342,Central
3342,Central
3342,Central
3342,Central
3345,Central
3345,Central
3350,Central
3350,Central
3350,Central
3350,Central
3350,Central
3350,Central
3350,Central
3350,Central
3350,Central
3350,Central
3350,Central
3350,Central
3350,Central
3350,Central
3350,Central
3350,Central
3350,Central
3350,Central
3350,Central
3350,Central
3350,Central
3350,Central
3350,Central
3350,Central
3350,Central
3350,Central
3350,Central
3350,Central
3350,Central
3350,Central
3351,South West
3351,South West
3351,South West
3351,South West
3351,South West
3351,South West
3351,South West
3351,South West
3351,South West
3351,South West
3351,South West
3351,South West
3351,South West
3351,South West
3351,South West
3351,Central
3351,Central
3351,Central
3351,Central
3351,Central
3351,Central
3351,Central
3351,Central
3351,Central
3351,Central
3351,Central
3351,Central
3351,Central
3351,Central
3351,Central
3351,Central
3351,Central
3351,Central
3351,Central
3352,South West
3352,South West
3352,South West
3352,South West
3352,South West
3352,South West
3352,South West
3352,South West
3352,South West
3352,South West
3352,South West
3352,South West
3352,Central
3352,Central
3352,Central
3352,Central
3352,Central
3352,Central
3352,Central
3352,Central
3352,Central
3352,Central
3352,Central
3352,Central
3352,Central
3352,Central
3352,Central
3352,Central
3352,Central
3352,Central
3352,Central
3352,Central
3352,Central
3352,Central
3352,Central
3352,Central
3352,Central
3352,Central
3352,Central
3352,Central
3352,Central
3352,Central
3352,Central
3352,Central
3352,Central
3352,Central
3352,Central
3352,Central
3352,Central
3352,Central
3352,Central
3352,Central
3352,Central
3352,Central
3352,Central
3352,Central
3352,Central
3352,Central
3352,Central
3352,Central
3352,Central
3352,Central
3352,Central
3352,Central
3352,Central
3352,Central
3352,Central
3352,Central
3352,Central
3352,Central
3352,Central
3352,Central
3352,Central
3352,Central
3352,Central
3352,Central
3352,Central
3352,Central
3355,Central
3355,Central
3355,Central
3356,Central
3356,Central
3356,Central
3357,Central
3357,Central
3358,Central
3358,Central
3360,South West
3360,South West
3360,Central
3360,Central
3360,Central
3360,Central
3360,Central
3360,Central
3361,South West
3361,South West
3361,South West
3361,South West
3361,South West
3363,Central
3363,Central
3363,Central
3363,Central
3363,Central
3363,Central
3363,Central
3363,Central
3363,Central
3364,North Central
3364,North Central
3364,North Central
3364,North Central
3364,North Central
3364,North Central
3364,Central
3364,Central
3364,Central
3364,Central
3364,Central
3364,Central
3364,Central
3364,Central
3364,Central
3364,Central
3364,Central
3364,Central
3364,Central
3364,Central
3364,Central
3364,Central
3364,Central
3364,Central
3364,Central
3364,Central
3364,Central
3364,Central
3364,Central
3364,Central
3364,Central
3364,Central
3364,Central
3370,North Central
3370,North Central
3370,Central
3370,Central
3370,Central
3371,North Central
3371,North Central
3371,North Central
3371,North Central
3371,North Central
3371,North Central
3371,North Central
3371,North Central
3371,North Central
3371,South West
3371,South West
3371,South West
3371,Central
3371,Central
3373,South West
3373,South West
3373,South West
3373,South West
3373,South West
3373,South West
3373,South West
3373,South West
3373,South West
3373,South West
3373,South West
3373,South West
3373,South West
3373,South West
3373,South West
3373,South West
3373,South West
3373,South West
3374,South West
3374,Wimmera
3374,Wimmera
3375,South West
3375,South West
3375,South West
3375,South West
3375,South West
3375,South West
3375,South West
3377,South West
3377,South West
3377,South West
3377,South West
3377,South West
3377,South West
3377,South West
3377,South West
3377,South West
3377,South West
3377,South West
3377,South West
3377,South West
3377,South West
3377,South West
3377,South West
3377,South West
3377,South West
3377,South West
3377,South West
3377,South West
3377,Wimmera
3377,Wimmera
3377,Wimmera
3377,Wimmera
3378,South West
3378,South West
3378,South West
3378,South West
3379,South West
3379,South West
3379,South West
3379,South West
3379,South West
3379,South West
3379,South West
3379,South West
3380,Wimmera
3380,Wimmera
3380,Wimmera
3381,South West
3381,South West
3381,Wimmera
3381,Wimmera
3381,Wimmera
3381,Wimmera
3381,Wimmera
3381,Wimmera
3381,Wimmera
3381,Wimmera
3381,Wimmera
3381,Wimmera
3384,South West
3384,South West
3384,South West
3384,South West
3384,South West
3384,South West
3384,Wimmera
3384,Wimmera
3384,Wimmera
3384,Wimmera
3384,Wimmera
3384,Wimmera
3384,Wimmera
3385,Mallee
3385,Wimmera
3385,Wimmera
3385,Wimmera
3385,Wimmera
3385,Wimmera
3385,Wimmera
3385,Wimmera
3385,Wimmera
3385,Wimmera
3385,Wimmera
3385,Wimmera
3385,Wimmera
3385,Wimmera
3387,Wimmera
3387,Wimmera
3387,Wimmera
3387,Wimmera
3387,Wimmera
3387,Wimmera
3387,Wimmera
3387,Wimmera
3387,Wimmera
3387,Wimmera
3387,Wimmera
3388,Mallee
3388,Wimmera
3388,Wimmera
3390,Mallee
3390,Mallee
3390,Mallee
3390,Wimmera
3391,Mallee
3392,Mallee
3392,Mallee
3392,Mallee
3392,Mallee
3392,Mallee
3393,Mallee
3393,Mallee
3393,Mallee
3393,Mallee
3393,Mallee
3393,Mallee
3393,Mallee
3393,Mallee
3393,Mallee
3393,Mallee
3393,Wimmera
3395,Mallee
3395,Mallee
3395,Mallee
3395,Mallee
3395,Mallee
3395,Wimmera
3396,Mallee
3400,Wimmera
3401,Mallee
3401,Mallee
3401,Mallee
3401,South West
3401,South West
3401,Wimmera
3401,Wimmera
3401,Wimmera
3401,Wimmera
3401,Wimmera
3401,Wimmera
3401,Wimmera
3401,Wimmera
3401,Wimmera
3401,Wimmera
3401,Wimmera
3401,Wimmera
3401,Wimmera
3401,Wimmera
3401,Wimmera
3401,Wimmera
3401,Wimmera
3401,Wimmera
3401,Wimmera
3401,Wimmera
3401,Wimmera
3401,Wimmera
3401,Wimmera
3401,Wimmera
3401,Wimmera
3401,Wimmera
3401,Wimmera
3401,Wimmera
3401,Wimmera
3407,South West
3407,South West
3407,South West
3407,South West
3407,South West
3409,Wimmera
3409,Wimmera
3409,Wimmera
3409,Wimmera
3409,Wimmera
3409,Wimmera
3409,Wimmera
3409,Wimmera
3409,Wimmera
3409,Wimmera
3409,Wimmera
3409,Wimmera
3409,Wimmera
3409,Wimmera
3409,Wimmera
3412,Wimmera
3413,Wimmera
3413,Wimmera
3413,Wimmera
3413,Wimmera
3414,Mallee
3414,Wimmera
3414,Wimmera
3414,Wimmera
3414,Wimmera
3414,Wimmera
3415,Wimmera
3418,Wimmera
3418,Wimmera
3418,Wimmera
3418,Wimmera
3418,Wimmera
3418,Wimmera
3418,Wimmera
3418,Wimmera
3418,Wimmera
3418,Wimmera
3418,Wimmera
3418,Wimmera
3419,Wimmera
3419,Wimmera
3420,Wimmera
3420,Wimmera
3420,Wimmera
3423,Wimmera
3424,Mallee
3424,Mallee
3424,Wimmera
3427,Central
3427,Central
3428,Central
3428,Central
3429,Central
3429,Central
3430,Central
3430,Central
3431,Central
3431,Central
3432,Central
3433,Central
3434,Central
3434,Central
3434,Central
3434,Central
3435,North Central
3435,Central
3435,Central
3435,Central
3437,Central
3437,Central
3437,Central
3438,Central
3438,Central
3440,Central
3441,Central
3441,Central
3442,Central
3442,Central
3442,Central
3442,Central
3442,Central
3442,Central
3442,Central
3442,Central
3442,Central
3442,Central
3442,Central
3442,Central
3444,North Central
3444,North Central
3444,North Central
3444,North Central
3444,North Central
3444,North Central
3444,North Central
3444,North Central
3444,Northern Country
3444,Northern Country
3444,Northern Country
3444,Central
3444,Central
3444,Central
3444,Central
3444,Central
3444,Central
3444,Central
3444,Central
3444,Central
3444,Central
3444,Central
3444,Central
3444,Central
3444,Central
3444,Central
3444,Central
3444,Central
3444,Central
3446,North Central
3446,North Central
3446,Central
3446,Central
3446,Central
3447,North Central
3447,Central
3448,North Central
3448,North Central
3448,North Central
3448,North Central
3448,North Central
3450,North Central
3450,North Central
3450,North Central
3450,North Central
3451,North Central
3451,North Central
3451,North Central
3451,North Central
3451,North Central
3451,North Central
3451,North Central
3451,North Central
3451,North Central
3451,North Central
3451,North Central
3451,North Central
3451,North Central
3451,North Central
3451,North Central
3451,North Central
3451,North Central
3451,North Central
3451,North Central
3451,North Central
3451,North Central
3451,North Central
3451,North Central
3451,North Central
3451,North Central
3451,North Central
3451,North Central
3451,North Central
3451,North Central
3451,Central
3451,Central
3453,North Central
3453,North Central
3453,North Central
3453,North Central
3453,Northern Country
3453,Northern Country
3453,Northern Country
3458,Central
3458,Central
3458,Central
3458,Central
3458,Central
3458,Central
3458,Central
3458,Central
3458,Central
3458,Central
3458,Central
3458,Central
3460,Central
3460,Central
3460,Central
3460,Central
3461,North Central
3461,North Central
3461,North Central
3461,Central
3461,Central
3461,Central
3461,Central
3461,Central
3461,Central
3461,Central
3461,Central
3461,Central
3461,Central
3461,Central
3461,Central
3461,Central
3461,Central
3461,Central
3461,Central
3461,Central
3461,Central
3461,Central
3461,Central
3461,Central
3461,Central
3461,Central
3461,Central
3461,Central
3461,Central
3461,Central
3461,Central
3461,Central
3461,Central
3461,Central
3461,Central
3461,Central
3461,Central
3461,Central
3461,Central
3462,North Central
3462,North Central
3462,North Central
3462,North Central
3462,North Central
3462,North Central
3463,North Central
3463,North Central
3463,North Central
3463,North Central
3463,North Central
3463,North Central
3463,North Central
3463,North Central
3463,North Central
3463,North Central
3463,North Central
3463,North Central
3463,Northern Country
3463,Northern Country
3463,Northern Country
3464,North Central
3464,North Central
3465,North Central
3465,North Central
3465,North Central
3465,North Central
3465,North Central
3465,North Central
3465,North Central
3465,North Central
3465,North Central
3465,North Central
3465,North Central
3465,North Central
3465,North Central
3465,North Central
3465,North Central
3465,North Central
3465,North Central
3465,North Central
3465,North Central
3465,North Central
3465,North Central
3465,North Central
3465,North Central
3465,South West
3465,South West
3465,South West
3465,South West
3465,South West
3465,South West
3465,South West
3465,Wimmera
3467,South West
3468,South West
3468,South West
3468,South West
3468,South West
3469,South West
3469,South West
3469,South West
3469,South West
3469,South West
3469,South West
3469,South West
3472,North Central
3472,North Central
3472,North Central
3472,North Central
3472,North Central
3472,North Central
3472,North Central
3472,North Central
3472,North Central
3472,North Central
3472,North Central
3472,Northern Country
3472,Northern Country
3472,Northern Country
3472,Northern Country
3472,Northern Country
3472,Northern Country
3472,Northern Country
3475,North Central
3475,North Central
3475,North Central
3475,Northern Country
3475,Northern Country
3475,Northern Country
3475,Northern Country
3475,Wimmera
3475,Wimmera
3475,Wimmera
3477,Mallee
3477,Northern Country
3477,South West
3477,Wimmera
3477,Wimmera
3477,Wimmera
3477,Wimmera
3477,Wimmera
3477,Wimmera
3477,Wimmera
3477,Wimmera
3477,Wimmera
3477,Wimmera
3477,Wimmera
3477,Wimmera
3477,Wimmera
3477,Wimmera
3477,Wimmera
3477,Wimmera
3477,Wimmera
3477,Wimmera
3477,Wimmera
3477,Wimmera
3477,Wimmera
3477,Wimmera
3477,Wimmera
3477,Wimmera
3477,Wimmera
3477,Wimmera
3477,Wimmera
3477,Wimmera
3477,Wimmera
3477,Wimmera
3477,Wimmera
3478,Mallee
3478,Mallee
3478,South West
3478,South West
3478,South West
3478,South West
3478,South West
3478,Wimmera
3480,Mallee
3480,Mallee
3480,Mallee
3480,Mallee
3480,Mallee
3480,Mallee
3480,Mallee
3480,Mallee
3480,Mallee
3480,Mallee
3480,Mallee
3480,Mallee
3480,Mallee
3480,Mallee
3480,Mallee
3480,Mallee
3480,Mallee
3480,Wimmera
3480,Wimmera
3480,Wimmera
3480,Wimmera
3480,Wimmera
3482,Mallee
3482,Mallee
3482,Mallee
3482,Mallee
3482,Mallee
3482,Mallee
3483,Mallee
3483,Mallee
3483,Mallee
3483,Mallee
3483,Mallee
3483,Mallee
3483,Mallee
3483,Mallee
3483,Mallee
3483,Mallee
3483,Mallee
3483,Mallee
3485,Mallee
3485,Mallee
3485,Mallee
3485,Mallee
3487,Mallee
3488,Mallee
3488,Mallee
3488,Mallee
3489,Mallee
3489,Mallee
3490,Mallee
3490,Mallee
3490,Mallee
3490,Mallee
3490,Mallee
3490,Mallee
3490,Mallee
3491,Mallee
3491,Mallee
3494,Mallee
3494,Mallee
3494,Mallee
3494,Mallee
3496,Mallee
3496,Mallee
3496,Mallee
3496,Mallee
3496,Mallee
3496,Mallee
3496,Mallee
3496,Mallee
3498,Mallee
3500,Mallee
3501,Mallee
3501,Mallee
3501,Mallee
3505,Mallee
3505,Mallee
3505,Mallee
3505,Mallee
3505,Mallee
3505,Mallee
3505,Mallee
3506,Mallee
3507,Mallee
3509,Mallee
3509,Mallee
3512,Mallee
3512,Mallee
3512,Mallee
3515,North Central
3515,Northern Country
3515,Northern Country
3515,Northern Country
3515,Northern Country
3515,Northern Country
3516,Northern Country
3516,Northern Country
3516,Northern Country
3516,Northern Country
3516,Northern Country
3516,Northern Country
3516,Northern Country
3516,Northern Country
3517,Northern Country
3517,Northern Country
3517,Northern Country
3517,Northern Country
3517,Northern Country
3517,Northern Country
3517,Northern Country
3517,Northern Country
3517,Northern Country
3517,Northern Country
3517,Northern Country
3517,Northern Country
3517,Northern Country
3517,Northern Country
3517,Northern Country
3518,Mallee
3518,Mallee
3518,Northern Country
3518,Northern Country
3518,Northern Country
3518,Northern Country
3518,Northern Country
3518,Northern Country
3518,Northern Country
3518,Northern Country
3518,Northern Country
3518,Northern Country
3518,Northern Country
3518,Northern Country
3518,Northern Country
3518,Northern Country
3518,Northern Country
3518,Northern Country
3520,Northern Country
3520,Northern Country
3521,North Central
3522,North Central
3522,North Central
3523,North Central
3523,Northern Country
3523,Northern Country
3523,Northern Country
3523,Northern Country
3523,Northern Country
3523,Northern Country
3523,Northern Country
3523,Northern Country
3523,Northern Country
3523,Northern Country
3523,Northern Country
3525,Mallee
3525,Mallee
3525,Mallee
3525,Mallee
3525,Mallee
3525,Mallee
3525,Mallee
3525,Mallee
3525,Mallee
3525,Mallee
3525,Mallee
3525,Mallee
3525,Northern Country
3525,Northern Country
3525,Northern Country
3525,Northern Country
3525,Northern Country
3525,Northern Country
3527,Mallee
3527,Mallee
3527,Mallee
3527,Mallee
3527,Mallee
3527,Mallee
3527,Mallee
3527,Mallee
3527,Mallee
3527,Mallee
3527,Mallee
3527,Mallee
3527,Mallee
3527,Mallee
3527,Mallee
3527,Mallee
3529,Mallee
3529,Mallee
3530,Mallee
3530,Mallee
3530,Mallee
3530,Mallee
3531,Mallee
3531,Mallee
3533,Mallee
3533,Mallee
3533,Mallee
3533,Mallee
3533,Mallee
3533,Mallee
3533,Mallee
3533,Mallee
3533,Mallee
3533,Mallee
3533,Mallee
3533,Mallee
3537,Mallee
3537,Northern Country
3537,Northern Country
3537,Northern Country
3537,Northern Country
3537,Northern Country
3537,Northern Country
3537,Northern Country
3537,Northern Country
3537,Northern Country
3540,Mallee
3540,Mallee
3540,Mallee
3542,Mallee
3542,Mallee
3542,Mallee
3544,Mallee
3544,Mallee
3544,Mallee
3544,Mallee
3544,Mallee
3544,Mallee
3544,Mallee
3546,Mallee
3546,Mallee
3546,Mallee
3546,Mallee
3546,Mallee
3546,Mallee
3546,Mallee
3549,Mallee
3549,Mallee
3549,Mallee
3549,Mallee
3549,Mallee
3549,Mallee
3549,Mallee
3549,Mallee
3549,Mallee
3549,Mallee
3549,Mallee
3549,Mallee
3550,Northern Country
3550,Northern Country
3550,Northern Country
3550,Northern Country
3550,Northern Country
3550,Northern Country
3550,Northern Country
3550,Northern Country
3550,Northern Country
3550,Northern Country
3550,Northern Country
3550,Northern Country
3550,Northern Country
3550,Northern Country
3550,Northern Country
3550,Northern Country
3551,North Central
3551,Northern Country
3551,Northern Country
3551,Northern Country
3551,Northern Country
3551,Northern Country
3551,Northern Country
3551,Northern Country
3551,Northern Country
3551,Northern Country
3551,Northern Country
3551,Northern Country
3551,Northern Country
3551,Northern Country
3551,Northern Country
3551,Northern Country
3551,Northern Country
3551,Northern Country
3551,Northern Country
3551,Northern Country
3551,Northern Country
3551,Northern Country
3551,Northern Country
3551,Northern Country
3551,Northern Country
3551,Northern Country
3551,Northern Country
3551,Northern Country
3551,Northern Country
3551,Northern Country
3551,Northern Country
3551,Northern Country
3551,Northern Country
3551,Northern Country
3551,Northern Country
3551,Northern Country
3551,Northern Country
3551,Northern Country
3551,Northern Country
3555,Northern Country
3555,Northern Country
3555,Northern Country
3555,Northern Country
3555,Northern Country
3555,Northern Country
3555,Northern Country
3556,Northern Country
3556,Northern Country
3556,Northern Country
3556,Northern Country
3556,Northern Country
3556,Northern Country
3556,Northern Country
3556,Northern Country
3556,Northern Country
3556,Northern Country
3556,Northern Country
3556,Northern Country
3556,Northern Country
3556,Northern Country
3556,Northern Country
3557,Northern Country
3557,Northern Country
3557,Northern Country
3557,Northern Country
3558,Northern Country
3558,Northern Country
3558,Northern Country
3558,Northern Country
3558,Northern Country
3559,Northern Country
3559,Northern Country
3559,Northern Country
3559,Northern Country
3559,Northern Country
3559,Northern Country
3559,Northern Country
3559,Northern Country
3559,Northern Country
3561,Northern Country
3561,Northern Country
3561,Northern Country
3561,Northern Country
3561,Northern Country
3561,Northern Country
3561,Northern Country
3561,Northern Country
3561,Northern Country
3561,Northern Country
3561,Northern Country
3561,Northern Country
3561,Northern Country
3562,Northern Country
3563,Northern Country
3563,Northern Country
3564,Northern Country
3564,Northern Country
3564,Northern Country
3564,Northern Country
3564,Northern Country
3564,Northern Country
3564,Northern Country
3564,Northern Country
3564,Northern Country
3564,Northern Country
3564,Northern Country
3565,Northern Country
3566,Northern Country
3567,Mallee
3567,Mallee
3567,Mallee
3567,Mallee
3567,Northern Country
3567,Northern Country
3568,Mallee
3568,Mallee
3568,Mallee
3568,Mallee
3568,Mallee
3568,Mallee
3568,Mallee
3568,Mallee
3568,Mallee
3568,Mallee
3568,Mallee
3568,Mallee
3568,Mallee
3570,Northern Country
3570,Northern Country
3570,Northern Country
3570,Northern Country
3570,Northern Country
3570,Northern Country
3570,Northern Country
3570,Northern Country
3571,Northern Country
3571,Northern Country
3571,Northern Country
3571,Northern Country
3572,Northern Country
3572,Northern Country
3572,Northern Country
3573,Northern Country
3573,Northern Country
3573,Northern Country
3573,Northern Country
3573,Northern Country
3573,Northern Country
3575,Northern Country
3575,Northern Country
3575,Northern Country
3575,Northern Country
3575,Northern Country
3575,Northern Country
3575,Northern Country
3575,Northern Country
3575,Northern Country
3575,Northern Country
3575,Northern Country
3576,Northern Country
3579,Mallee
3579,Mallee
3579,Mallee
3579,Mallee
3579,Mallee
3579,Mallee
3579,Mallee
3579,Mallee
3579,Mallee
3579,Mallee
3579,Mallee
3579,Mallee
3579,Mallee
3579,Mallee
3579,Mallee
3579,Mallee
3579,Mallee
3579,Mallee
3579,Mallee
3579,Mallee
3579,Mallee
3579,Mallee
3579,Mallee
3579,Mallee
3579,Mallee
3579,Mallee
3579,Mallee
3579,Mallee
3579,Mallee
3579,Mallee
3579,Mallee
3579,Mallee
3579,Mallee
3579,Mallee
3579,Mallee
3579,Mallee
3579,Northern Country
3579,Northern Country
3579,Northern Country
3580,Mallee
3581,Mallee
3581,Mallee
3583,Mallee
3584,Mallee
3584,Mallee
3585,Mallee
3585,Mallee
3585,Mallee
3585,Mallee
3585,Mallee
3585,Mallee
3585,Mallee
3585,Mallee
3585,Mallee
3585,Mallee
3585,Mallee
3585,Mallee
3585,Mallee
3585,Mallee
3585,Mallee
3585,Mallee
3585,Mallee
3585,Mallee
3586,Mallee
3586,Mallee
3586,Mallee
3586,Mallee
3586,Mallee
3586,Mallee
3588,Mallee
3588,Mallee
3589,Mallee
3589,Mallee
3590,Mallee
3591,Mallee
3591,Mallee
3594,Mallee
3595,Mallee
3596,Mallee
3596,Mallee
3596,Mallee
3597,Mallee
3597,Mallee
3597,Mallee
3597,Mallee
3597,Mallee
3597,Mallee
3599,Mallee
3607,Northern Country
3607,Northern Country
3608,Northern Country
3608,Northern Country
3608,Northern Country
3608,Northern Country
3608,Northern Country
3608,Northern Country
3608,Northern Country
3608,Northern Country
3608,Northern Country
3608,Northern Country
3608,Northern Country
3610,Northern Country
3610,Northern Country
3610,Northern Country
3610,Northern Country
3610,Northern Country
3610,Northern Country
3610,Northern Country
3612,Northern Country
3612,Northern Country
3612,Northern Country
3612,Northern Country
3612,Northern Country
3612,Northern Country
3614,Northern Country
3614,Northern Country
3614,Northern Country
3616,Northern Country
3616,Northern Country
3616,Northern Country
3616,Northern Country
3616,Northern Country
3616,Northern Country
3616,Northern Country
3616,Northern Country
3616,Northern Country
3616,Northern Country
3616,Northern Country
3617,Northern Country
3618,Northern Country
3618,Northern Country
3620,Northern Country
3620,Northern Country
3620,Northern Country
3620,Northern Country
3620,Northern Country
3620,Northern Country
3620,Northern Country
3620,Northern Country
3621,Northern Country
3621,Northern Country
3621,Northern Country
3622,Northern Country
3622,Northern Country
3622,Northern Country
3623,Northern Country
3623,Northern Country
3623,Northern Country
3624,Northern Country
3624,Northern Country
3629,Northern Country
3629,Northern Country
3629,Northern Country
3629,Northern Country
3629,Northern Country
3629,Northern Country
3629,Northern Country
3630,Northern Country
3630,Northern Country
3631,Northern Country
3631,Northern Country
3631,Northern Country
3631,Northern Country
3631,Northern Country
3631,Northern Country
3631,Northern Country
3631,Northern Country
3631,Northern Country
3631,Northern Country
3631,Northern Country
3631,Northern Country
3631,Northern Country
3631,Northern Country
3631,Northern Country
3631,Northern Country
3633,Northern Country
3634,Northern Country
3634,Northern Country
3634,Northern Country
3634,Northern Country
3634,Northern Country
3634,Northern Country
3634,Northern Country
3634,Northern Country
3634,Northern Country
3635,Northern Country
3635,Northern Country
3635,Northern Country
3636,Northern Country
3636,Northern Country
3636,Northern Country
3636,Northern Country
3636,Northern Country
3636,Northern Country
3637,Northern Country
3637,Northern Country
3638,Northern Country
3638,Northern Country
3638,Northern Country
3639,Northern Country
3639,Northern Country
3639,Northern Country
3639,Northern Country
3640,Northern Country
3640,Northern Country
3641,Northern Country
3641,Northern Country
3641,Northern Country
3641,Northern Country
3644,Northern Country
3644,Northern Country
3644,Northern Country
3644,Northern Country
3644,Northern Country
3646,Northern Country
3646,Northern Country
3646,Northern Country
3646,Northern Country
3646,Northern Country
3646,Northern Country
3646,Northern Country
3646,Northern Country
3647,Northern Country
3649,Northern Country
3649,Northern Country
3658,North Central
3658,North Central
3658,North Central
3658,North Central
3658,North Central
3658,North Central
3658,North Central
3658,North Central
3658,North Central
3658,North Central
3659,North Central
3660,North Central
3660,North Central
3660,North Central
3660,North Central
3660,North Central
3660,North Central
3660,North Central
3660,North Central
3660,North Central
3660,North Central
3660,North Central
3662,North Central
3663,North Central
3663,Northern Country
3663,Northern Country
3664,North Central
3664,Northern Country
3664,Northern Country
3665,Northern Country
3665,Northern Country
3665,Northern Country
3666,North Central
3666,North Central
3666,Northern Country
3666,Northern Country
3666,Northern Country
3666,Northern Country
3666,Northern Country
3666,Northern Country
3666,Northern Country
3666,Northern Country
3666,Northern Country
3666,Northern Country
3666,Northern Country
3666,Northern Country
3666,Northern Country
3666,Northern Country
3666,Northern Country
3666,Northern Country
3666,Northern Country
3666,Northern Country
3666,Northern Country
3666,Northern Country
3666,Northern Country
3666,Northern Country
3666,Northern Country
3666,Northern Country
3666,Northern Country
3666,Northern Country
3666,Northern Country
3669,Northern Country
3669,Northern Country
3669,Northern Country
3669,Northern Country
3669,Northern Country
3669,Northern Country
3669,Northern Country
3669,Northern Country
3669,Northern Country
3669,Northern Country
3669,Northern Country
3669,Northern Country
3669,Northern Country
3670,North East
3670,North East
3670,North East
3670,Northern Country
3672,North East
3673,North East
3673,North East
3673,North East
3673,North East
3673,North East
3673,North East
3673,North East
3673,North East
3673,North East
3673,North East
3673,North East
3673,North East
3673,North East
3673,North East
3673,North East
3673,North East
3673,North East
3675,North East
3675,North East
3675,North East
3675,North East
3675,North East
3675,North East
3675,North East
3675,North East
3675,North East
3675,North East
3675,North East
3675,North East
3675,North East
3675,Northern Country
3677,North East
3677,North East
3677,North East
3677,North East
3678,North East
3678,North East
3678,North East
3678,North East
3678,North East
3678,North East
3678,North East
3678,North East
3678,North East
3678,North East
3678,North East
3678,North East
3678,North East
3678,North East
3678,North East
3678,North East
3678,North East
3678,North East
3678,North East
3678,North East
3678,North East
3678,North East
3678,North East
3678,North East
3678,North East
3678,North East
3678,North East
3678,North East
3678,North East
3678,North East
3678,North East
3678,North East
3678,North East
3678,North East
3678,Northern Country
3682,North East
3682,North East
3682,North East
3682,North East
3683,North East
3683,North East
3683,North East
3685,North East
3685,North East
3685,North East
3685,North East
3685,North East
3685,North East
3687,North East
3688,North East
3688,North East
3690,North East
3690,North East
3691,North East
3691,North East
3691,North East
3691,North East
3691,North East
3691,North East
3691,North East
3691,North East
3691,North East
3691,North East
3691,North East
3691,North East
3691,North East
3691,North East
3691,North East
3691,North East
3691,North East
3691,North East
3691,North East
3691,North East
3691,North East
3691,North East
3691,North East
3691,North East
3691,North East
3691,North East
3691,North East
3691,North East
3691,North East
3691,North East
3691,North East
3691,North East
3691,North East
3691,North East
3695,North East
3695,North East
3695,North East
3695,North East
3697,North East
3698,North East
3699,North East
3699,North East
3699,North East
3700,North East
3700,North East
3700,North East
3700,North East
3700,North East
3701,East Gippsland
3701,North East
3701,North East
3701,North East
3701,North East
3701,North East
3701,North East
3701,North East
3701,North East
3701,North East
3704,North East
3705,North East
3707,East Gippsland
3707,North East
3707,North East
3707,North East
3707,North East
3707,North East
3707,North East
3707,North East
3707,North East
3708,North East
3709,North East
3709,North East
3709,North East
3709,North East
3709,North East
3711,North Central
3712,North Central
3712,North Central
3713,North Central
3713,North Central
3713,North East
3714,North Central
3714,North Central
3714,North Central
3714,North Central
3714,North Central
3714,North Central
3714,North Central
3714,North Central
3714,North Central
3714,North Central
3714,North Central
3715,North Central
3715,North East
3715,North East
3715,North East
3717,North Central
3717,North Central
3717,North Central
3717,North Central
3717,North Central
3717,North Central
3717,North Central
3717,North Central
3717,North Central
3717,North Central
3717,North Central
3718,North Central
3719,North Central
3719,North Central
3719,North Central
3719,North Central
3720,North East
3722,North East
3722,North East
3722,North East
3722,North East
3723,East Gippsland
3723,North East
3723,North East
3723,North East
3723,North East
3723,North East
3723,North East
3723,North East
3723,North East
3723,North East
3723,North East
3723,North East
3723,North East
3723,North East
3723,North East
3723,North East
3723,North East
3723,North East
3723,North East
3723,North East
3723,North East
3723,North East
3723,North East
3723,North East
3723,North East
3723,North East
3723,North East
3723,North East
3723,North East
3723,North East
3723,North East
3723,North East
3723,North East
3723,North East
3723,North East
3723,Central
3725,North East
3725,North East
3725,North East
3725,North East
3725,North East
3725,Northern Country
3725,Northern Country
3725,Northern Country
3726,North East
3726,North East
3726,North East
3726,North East
3727,Northern Country
3727,Northern Country
3727,Northern Country
3727,Northern Country
3727,Northern Country
3728,Northern Country
3728,Northern Country
3728,Northern Country
3728,Northern Country
3730,Northern Country
3730,Northern Country
3730,Northern Country
3730,Northern Country
3730,Northern Country
3730,Northern Country
3730,Northern Country
3730,Northern Country
3730,Northern Country
3730,Northern Country
3732,North East
3732,North East
3732,North East
3733,North East
3735,North East
3735,North East
3735,North East
3735,North East
3737,North East
3737,North East
3737,North East
3737,North East
3737,North East
3737,North East
3737,North East
3737,North East
3737,North East
3737,North East
3737,North East
3737,North East
3737,North East
3738,North East
3739,North East
3740,North East
3740,North East
3740,North East
3741,North East
3741,North East
3741,North East
3741,North East
3741,North East
3741,North East
3741,North East
3744,North East
3746,North East
3747,North East
3747,North East
3747,North East
3747,North East
3749,North East
3749,North East
3750,Central
3750,Central
3750,Central
3750,Central
3751,Central
3752,Central
3752,Central
3753,North Central
3753,Central
3754,Central
3754,Central
3754,Central
3754,Central
3755,Central
3755,Central
3756,North Central
3756,North Central
3756,Central
3756,Central
3757,North Central
3757,North Central
3757,North Central
3757,North Central
3757,Central
3757,Central
3757,Central
3757,Central
3757,Central
3758,North Central
3758,North Central
3758,North Central
3759,Central
3759,Central
3760,Central
3760,Central
3761,Central
3762,North Central
3762,North Central
3762,Central
3763,North Central
3764,North Central
3764,North Central
3764,North Central
3764,North Central
3764,North Central
3764,North Central
3764,North Central
3764,Central
3765,Central
3765,Central
3765,Central
3766,Central
3766,Central
3766,Central
3767,Central
3770,Central
3770,Central
3770,Central
3770,Central
3770,Central
3770,Central
3770,Central
3775,Central
3775,Central
3775,Central
3775,Central
3775,Central
3777,North Central
3777,North Central
3777,Central
3777,Central
3777,Central
3777,Central
3777,Central
3778,North Central
3779,North Central
3781,Central
3781,Central
3781,Central
3782,Central
3782,Central
3782,Central
3782,Central
3782,Central
3782,Central
3782,Central
3783,Central
3783,Central
3785,Central
3786,Central
3787,Central
3787,Central
3788,Central
3788,Central
3789,Central
3789,Central
3791,Central
3791,Central
3792,Central
3792,Central
3793,Central
3793,Central
3795,Central
3795,Central
3796,Central
3796,Central
3796,Central
3797,Central
3797,Central
3797,Central
3797,Central
3797,Central
3799,Central
3799,Central
3799,Central
3799,Central
3799,Central
3799,Central
3799,Central
3802,Central
3802,Central
3803,Central
3803,Central
3804,Central
3804,Central
3805,Central
3805,Central
3805,Central
3806,Central
3806,Central
3806,Central
3806,Central
3806,Central
3807,Central
3807,Central
3807,Central
3808,Central
3808,Central
3809,Central
3809,Central
3809,Central
3810,Central
3810,Central
3810,Central
3810,Central
3810,Central
3810,Central
3810,Central
3812,Central
3812,Central
3812,Central
3812,Central
3813,Central
3813,Central
3814,Central
3814,Central
3814,Central
3814,Central
3815,Central
3815,Central
3815,Central
3815,Central
3816,West and South Gippsland
3816,West and South Gippsland
3816,West and South Gippsland
3816,West and South Gippsland
3816,Central
3816,Central
3818,West and South Gippsland
3818,West and South Gippsland
3818,West and South Gippsland
3818,West and South Gippsland
3818,West and South Gippsland
3818,West and South Gippsland
3818,West and South Gippsland
3818,West and South Gippsland
3820,West and South Gippsland
3820,West and South Gippsland
3820,West and South Gippsland
3820,West and South Gippsland
3820,West and South Gippsland
3820,West and South Gippsland
3821,West and South Gippsland
3821,West and South Gippsland
3821,West and South Gippsland
3821,West and South Gippsland
3821,West and South Gippsland
3821,West and South Gippsland
3821,West and South Gippsland
3821,West and South Gippsland
3821,West and South Gippsland
3821,West and South Gippsland
3821,West and South Gippsland
3821,West and South Gippsland
3821,West and South Gippsland
3821,West and South Gippsland
3821,West and South Gippsland
3821,West and South Gippsland
3821,West and South Gippsland
3821,West and South Gippsland
3821,West and South Gippsland
3821,West and South Gippsland
3822,West and South Gippsland
3822,West and South Gippsland
3822,West and South Gippsland
3823,West and South Gippsland
3823,West and South Gippsland
3823,West and South Gippsland
3824,West and South Gippsland
3824,West and South Gippsland
3824,West and South Gippsland
3824,West and South Gippsland
3824,West and South Gippsland
3824,West and South Gippsland
3825,West and South Gippsland
3825,West and South Gippsland
3825,West and South Gippsland
3825,West and South Gippsland
3825,West and South Gippsland
3825,West and South Gippsland
3825,West and South Gippsland
3825,West and South Gippsland
3825,West and South Gippsland
3825,West and South Gippsland
3825,West and South Gippsland
3825,West and South Gippsland
3825,West and South Gippsland
3825,West and South Gippsland
3825,West and South Gippsland
3825,West and South Gippsland
3825,West and South Gippsland
3825,West and South Gippsland
3825,West and South Gippsland
3825,West and South Gippsland
3825,West and South Gippsland
3825,West and South Gippsland
3825,West and South Gippsland
3825,West and South Gippsland
3825,West and South Gippsland
3825,West and South Gippsland
3825,West and South Gippsland
3825,West and South Gippsland
3825,West and South Gippsland
3831,West and South Gippsland
3831,West and South Gippsland
3831,West and South Gippsland
3832,West and South Gippsland
3832,West and South Gippsland
3832,West and South Gippsland
3833,West and South Gippsland
3833,West and South Gippsland
3833,West and South Gippsland
3833,West and South Gippsland
3833,West and South Gippsland
3833,West and South Gippsland
3835,West and South Gippsland
3840,West and South Gippsland
3840,West and South Gippsland
3840,West and South Gippsland
3840,West and South Gippsland
3840,West and South Gippsland
3840,West and South Gippsland
3840,West and South Gippsland
3840,West and South Gippsland
3840,West and South Gippsland
3840,West and South Gippsland
3840,West and South Gippsland
3840,West and South Gippsland
3840,West and South Gippsland
3842,West and South Gippsland
3844,West and South Gippsland
3844,West and South Gippsland
3844,West and South Gippsland
3844,West and South Gippsland
3844,West and South Gippsland
3844,West and South Gippsland
3844,West and South Gippsland
3844,West and South Gippsland
3844,West and South Gippsland
3844,West and South Gippsland
3844,West and South Gippsland
3844,West and South Gippsland
3844,West and South Gippsland
3844,West and South Gippsland
3844,West and South Gippsland
3844,West and South Gippsland
3847,West and South Gippsland
3847,West and South Gippsland
3847,West and South Gippsland
3847,West and South Gippsland
3847,West and South Gippsland
3847,West and South Gippsland
3847,West and South Gippsland
3847,West and South Gippsland
3850,West and South Gippsland
3850,West and South Gippsland
3851,West and South Gippsland
3851,West and South Gippsland
3851,West and South Gippsland
3851,West and South Gippsland
3851,West and South Gippsland
3851,West and South Gippsland
3851,West and South Gippsland
3851,West and South Gippsland
3851,West and South Gippsland
3851,West and South Gippsland
3851,West and South Gippsland
3851,West and South Gippsland
3851,West and South Gippsland
3851,West and South Gippsland
3851,West and South Gippsland
3851,West and South Gippsland
3851,West and South Gippsland
3851,West and South Gippsland
3851,West and South Gippsland
3851,West and South Gippsland
3851,West and South Gippsland
3851,West and South Gippsland
3851,West and South Gippsland
3851,West and South Gippsland
3851,West and South Gippsland
3851,West and South Gippsland
3851,West and South Gippsland
3851,West and South Gippsland
3851,West and South Gippsland
3852,West and South Gippsland
3854,West and South Gippsland
3854,West and South Gippsland
3854,West and South Gippsland
3854,West and South Gippsland
3856,West and South Gippsland
3856,West and South Gippsland
3857,West and South Gippsland
3857,West and South Gippsland
3857,West and South Gippsland
3858,West and South Gippsland
3858,West and South Gippsland
3858,West and South Gippsland
3858,West and South Gippsland
3858,West and South Gippsland
3858,West and South Gippsland
3858,West and South Gippsland
3858,West and South Gippsland
3858,West and South Gippsland
3858,West and South Gippsland
3858,West and South Gippsland
3858,West and South Gippsland
3859,West and South Gippsland
3859,West and South Gippsland
3859,West and South Gippsland
3859,West and South Gippsland
3860,West and South Gippsland
3860,West and South Gippsland
3860,West and South Gippsland
3860,West and South Gippsland
3860,West and South Gippsland
3860,West and South Gippsland
3860,West and South Gippsland
3860,West and South Gippsland
3862,East Gippsland
3862,West and South Gippsland
3862,West and South Gippsland
3862,West and South Gippsland
3862,West and South Gippsland
3862,West and South Gippsland
3862,West and South Gippsland
3862,West and South Gippsland
3862,West and South Gippsland
3862,West and South Gippsland
3862,West and South Gippsland
3862,West and South Gippsland
3862,West and South Gippsland
3864,East Gippsland
3864,East Gippsland
3864,West and South Gippsland
3865,East Gippsland
3869,West and South Gippsland
3869,West and South Gippsland
3869,West and South Gippsland
3870,West and South Gippsland
3870,West and South Gippsland
3870,West and South Gippsland
3870,West and South Gippsland
3870,West and South Gippsland
3871,West and South Gippsland
3871,West and South Gippsland
3871,West and South Gippsland
3871,West and South Gippsland
3871,West and South Gippsland
3871,West and South Gippsland
3871,West and South Gippsland
3871,West and South Gippsland
3871,West and South Gippsland
3871,West and South Gippsland
3871,West and South Gippsland
3871,West and South Gippsland
3871,West and South Gippsland
3873,West and South Gippsland
3874,West and South Gippsland
3874,West and South Gippsland
3874,West and South Gippsland
3874,West and South Gippsland
3875,East Gippsland
3875,East Gippsland
3875,East Gippsland
3875,East Gippsland
3875,East Gippsland
3875,East Gippsland
3875,East Gippsland
3875,East Gippsland
3875,East Gippsland
3875,East Gippsland
3875,East Gippsland
3875,East Gippsland
3875,East Gippsland
3875,East Gippsland
3875,East Gippsland
3875,East Gippsland
3875,East Gippsland
3875,East Gippsland
3875,East Gippsland
3875,East Gippsland
3875,East Gippsland
3875,East Gippsland
3875,East Gippsland
3875,East Gippsland
3875,East Gippsland
3875,East Gippsland
3875,East Gippsland
3875,Central
3875,Central
3878,East Gippsland
3880,East Gippsland
3880,East Gippsland
3880,East Gippsland
3880,East Gippsland
3882,East Gippsland
3885,East Gippsland
3885,East Gippsland
3885,East Gippsland
3885,East Gippsland
3885,East Gippsland
3885,East Gippsland
3885,East Gippsland
3885,East Gippsland
3885,East Gippsland
3885,East Gippsland
3885,East Gippsland
3885,East Gippsland
3885,East Gippsland
3886,East Gippsland
3887,East Gippsland
3887,East Gippsland
3887,East Gippsland
3888,East Gippsland
3888,East Gippsland
3888,East Gippsland
3888,East Gippsland
3888,East Gippsland
3888,East Gippsland
3888,East Gippsland
3888,East Gippsland
3888,East Gippsland
3888,East Gippsland
3888,East Gippsland
3888,East Gippsland
3888,East Gippsland
3888,East Gippsland
3888,East Gippsland
3888,East Gippsland
3888,East Gippsland
3888,East Gippsland
3888,East Gippsland
3889,East Gippsland
3889,East Gippsland
3889,East Gippsland
3889,East Gippsland
3889,East Gippsland
3889,East Gippsland
3890,East Gippsland
3890,East Gippsland
3890,East Gippsland
3890,East Gippsland
3890,East Gippsland
3890,East Gippsland
3890,East Gippsland
3891,East Gippsland
3891,East Gippsland
3891,East Gippsland
3891,East Gippsland
3891,East Gippsland
3891,East Gippsland
3891,East Gippsland
3892,East Gippsland
3893,East Gippsland
3893,East Gippsland
3895,East Gippsland
3895,East Gippsland
3895,East Gippsland
3895,East Gippsland
3896,East Gippsland
3896,East Gippsland
3896,East Gippsland
3896,East Gippsland
3898,East Gippsland
3898,East Gippsland
3898,East Gippsland
3898,East Gippsland
3898,East Gippsland
3898,East Gippsland
3898,East Gippsland
3898,East Gippsland
3898,East Gippsland
3898,East Gippsland
3898,North East
3900,East Gippsland
3902,East Gippsland
3902,East Gippsland
3903,East Gippsland
3904,East Gippsland
3909,East Gippsland
3909,East Gippsland
3909,East Gippsland
3909,East Gippsland
3909,East Gippsland
3909,East Gippsland
3909,East Gippsland
3909,East Gippsland
3910,Central
3910,Central
3911,Central
3911,Central
3911,Central
3912,Central
3912,Central
3912,Central
3913,Central
3915,Central
3915,Central
3916,Central
3916,Central
3916,Central
3918,Central
3918,Central
3919,Central
3920,Central
3921,Central
3921,Central
3922,Central
3922,Central
3922,Central
3922,Central
3922,Central
3922,Central
3922,Central
3922,Central
3923,Central
3925,Central
3925,Central
3925,Central
3925,Central
3926,Central
3926,Central
3926,Central
3926,Central
3926,Central
3927,Central
3928,Central
3928,Central
3929,Central
3930,Central
3931,Central
3933,Central
3933,Central
3933,Central
3934,Central
3934,Central
3934,Central
3936,Central
3936,Central
3936,Central
3936,Central
3936,Central
3937,Central
3937,Central
3938,Central
3939,Central
3939,Central
3939,Central
3939,Central
3940,Central
3941,Central
3941,Central
3941,Central
3941,Central
3942,Central
3943,Central
3944,Central
3945,West and South Gippsland
3945,West and South Gippsland
3945,West and South Gippsland
3945,Central
3945,Central
3945,Central
3946,West and South Gippsland
3950,West and South Gippsland
3950,West and South Gippsland
3950,West and South Gippsland
3950,West and South Gippsland
3950,West and South Gippsland
3950,West and South Gippsland
3951,West and South Gippsland
3951,West and South Gippsland
3951,West and South Gippsland
3951,West and South Gippsland
3951,West and South Gippsland
3951,West and South Gippsland
3951,West and South Gippsland
3951,West and South Gippsland
3951,Central
3951,Central
3953,West and South Gippsland
3953,West and South Gippsland
3953,West and South Gippsland
3953,West and South Gippsland
3953,West and South Gippsland
3953,West and South Gippsland
3953,West and South Gippsland
3953,West and South Gippsland
3953,West and South Gippsland
3953,West and South Gippsland
3953,West and South Gippsland
3953,West and South Gippsland
3953,West and South Gippsland
3953,West and South Gippsland
3953,West and South Gippsland
3953,West and South Gippsland
3953,West and South Gippsland
3953,West and South Gippsland
3953,West and South Gippsland
3953,West and South Gippsland
3953,West and South Gippsland
3954,West and South Gippsland
3954,West and South Gippsland
3956,West and South Gippsland
3956,West and South Gippsland
3956,West and South Gippsland
3956,West and South Gippsland
3956,West and South Gippsland
3956,West and South Gippsland
3956,West and South Gippsland
3956,West and South Gippsland
3956,West and South Gippsland
3956,West and South Gippsland
3956,West and South Gippsland
3956,West and South Gippsland
3957,West and South Gippsland
3957,West and South Gippsland
3958,West and South Gippsland
3958,West and South Gippsland
3959,West and South Gippsland
3959,West and South Gippsland
3959,West and South Gippsland
3959,West and South Gippsland
3959,West and South Gippsland
3960,West and South Gippsland
3960,West and South Gippsland
3960,West and South Gippsland
3960,West and South Gippsland
3960,West and South Gippsland
3960,West and South Gippsland
3960,West and South Gippsland
3960,West and South Gippsland
3960,West and South Gippsland
3960,West and South Gippsland
3960,West and South Gippsland
3960,West and South Gippsland
3960,West and South Gippsland
3960,West and South Gippsland
3962,West and South Gippsland
3962,West and South Gippsland
3962,West and South Gippsland
3962,West and South Gippsland
3962,West and South Gippsland
3962,West and South Gippsland
3964,West and South Gippsland
3965,West and South Gippsland
3966,West and South Gippsland
3966,West and South Gippsland
3966,West and South Gippsland
3966,West and South Gippsland
3967,West and South Gippsland
3967,West and South Gippsland
3971,West and South Gippsland
3971,West and South Gippsland
3971,West and South Gippsland
3971,West and South Gippsland
3971,West and South Gippsland
3971,West and South Gippsland
3971,West and South Gippsland
3971,West and South Gippsland
3971,West and South Gippsland
3971,West and South Gippsland
3971,West and South Gippsland
3971,West and South Gippsland
3971,West and South Gippsland
3971,West and South Gippsland
3971,West and South Gippsland
3971,West and South Gippsland
3971,West and South Gippsland
3971,West and South Gippsland
3971,West and South Gippsland
3971,West and South Gippsland
3975,Central
3975,Central
3975,Central
3975,Central
3976,Central
3977,Central
3977,Central
3977,Central
3977,Central
3977,Central
3977,Central
3977,Central
3977,Central
3977,Central
3977,Central
3977,Central
3977,Central
3977,Central
3977,Central
3977,Central
3977,Central
3977,Central
3978,Central
3978,Central
3978,Central
3978,Central
3978,Central
3978,Central
3978,Central
3979,Central
3979,Central
3979,Central
3980,Central
3980,Central
3980,Central
3980,Central
3980,Central
3981,West and South Gippsland
3981,Central
3981,Central
3981,Central
3981,Central
3981,Central
3981,Central
3981,Central
3984,West and South Gippsland
3984,Central
3984,Central
3984,Central
3984,Central
3984,Central
3984,Central
3984,Central
3984,Central
3984,Central
3984,Central
3984,Central
3984,Central
3984,Central
3984,Central
3987,West and South Gippsland
3987,West and South Gippsland
3987,Central
3988,West and South Gippsland
3988,West and South Gippsland
3988,West and South Gippsland
3988,West and South Gippsland
3988,West and South Gippsland
3988,West and South Gippsland
3990,Central
3991,Central
3992,Central
3992,Central
3992,Central
3995,Central
3995,Central
3995,Central
3995,Central
3995,Central
3995,Central
3995,Central
3995,Central
3995,Central
3995,Central
3995,Central
3995,Central
3995,Central
3995,Central
3996,West and South Gippsland
3996,West and South Gippsland
3996,Central
3996,Central
3496,Mallee